"Violation ID","Primary Building Identifier","Primary Boro Identifier","Primary Borough Name","Primary House Number","Primary Low House Number","Primary High House Number","Primary Street Name","Primary Postcode","Development Name","TDS Number","Stairhall Number","NYCHA Address Section BoroID","NYCHA Address Section Borough","NYCHA Address Section House Number","NYCHA Address Section Street Name","NYCHA Address Section PostCode","Apartment","Story","Block","Lot","Violation Description","Class","Inspection Date","Approved Date","Order Number","Issued in Error","Latitude","Longitude","Community Board","Council District","BIN","BBL","Census Tract (2020)","Neighborhood Tabulation Area (NTA) (2020)"
"18223816","286990","3","BROOKLYN","621","615","621","EAST 105 STREET","11236","BREUKELEN","56","64","3","BROOKLYN","105-12","FARRAGUT ROAD","11236","7E","7","8174","1","§ 27-2017.3 HMC: TRACE AND REPAIR THE SOURCE AND ABATE THE VISIBLE MOLD CONDITION... GREATER THAN 10 SQ FT AT SOUTH WALL  IN THE  3rd ROOM  FROM NORTH AT WEST LOCATED AT APT 7E, 7th STORY, 1st APARTMENT FROM EAST AT SOUTH","B","09/12/2025","09/15/2025","550","N","40.650186","-73.897621","318","42","3321415","3081740001","982","BK1803"
"18311210","804658","1","MANHATTAN","218","218","220","EAST 115 STREET","10029","JEFFERSON","64","28","1","MANHATTAN","218","EAST 115 STREET","10029","3A","3","01662","0001","§ 27-2017.3 HMC: TRACE AND REPAIR THE SOURCE AND ABATE THE VISIBLE MOLD CONDITION... LESS THAN10 SQ FT AT THE CEILING AND NORTH WALL OF THE CLOSET AT NORTH WALL  IN THE  FOYER  LOCATED AT APT 3A, 3rd STORY, 2nd APARTMENT FROM SOUTH AT WEST","A","10/20/2025","10/20/2025","550","N","40.796972","-73.939869","111","8","1080706","1016620001","180","MN1102"
"18259184","806350","2","BRONX","1815","1815","1815","BRUCKNER BOULEVARD","10472","SOTOMAYOR HOUSES","67","27","2","BRONX","1815","BRUCKNER BOULEVARD","10472","5D","5","03730","0001","§ 27-2017.3 HMC: TRACE AND REPAIR THE SOURCE AND ABATE THE VISIBLE MOLD CONDITION... LESS THAN 30 SQUARE FEET AT NORTH WALL  IN THE  2nd PRIVATE HALLWAY  FROM EAST AT CENTER LOCATED AT APT 5D, 5th STORY, 2nd APARTMENT FROM SOUTH AT WEST , SECTION ""SOUTH""","B","09/18/2025","09/25/2025","550","Y","40.825724","-73.864015","209","18","2092808","2037300001","44","BX0901"
"18235897","806350","2","BRONX","1815","1815","1815","BRUCKNER BOULEVARD","10472","SOTOMAYOR HOUSES","67","27","2","BRONX","1815","BRUCKNER BOULEVARD","10472","5D","5","03730","0001","§ 27-2017.3 HMC: TRACE AND REPAIR THE SOURCE AND ABATE THE VISIBLE MOLD CONDITION...  MORE THAN 10 SQ FT BUT LESS THAN 30 SQ. FT.  AT NORTHWALL   IN THE  2nd PRIVATE HALLWAY  FROM EAST AT CENTER LOCATED AT APT 5D, 5th STORY, 2nd APARTMENT FROM SOUTH AT WEST , SECTION ""SOUTH""","B","09/18/2025","09/18/2025","550","N","40.825724","-73.864015","209","18","2092808","2037300001","44","BX0901"
"18235898","806350","2","BRONX","1815","1815","1815","BRUCKNER BOULEVARD","10472","SOTOMAYOR HOUSES","67","27","2","BRONX","1815","BRUCKNER BOULEVARD","10472","5D","5","03730","0001","§ 27-2017.3 HMC: TRACE AND REPAIR THE SOURCE AND ABATE THE VISIBLE MOLD CONDITION... LESS THAN 10 SQ.FT AT EAST WALL  IN THE  2nd ROOM  FROM EAST AT SOUTH LOCATED AT APT 5D, 5th STORY, 2nd APARTMENT FROM SOUTH AT WEST , SECTION ""SOUTH""","A","09/18/2025","09/18/2025","550","N","40.825724","-73.864015","209","18","2092808","2037300001","44","BX0901"
"18235876","120460","2","BRONX","1320","1318","1332","WEBSTER AVENUE","10456","BUTLER","113","1","2","BRONX","1330","WEBSTER AVENUE","10456","1D","1","02894","0001","§ 27-2017.3 HMC: TRACE AND REPAIR THE SOURCE AND ABATE THE VISIBLE MOLD CONDITION... GREATER THAN 10 SQ FT VISIBLE MOLD AT WEST WALL  IN THE  BATHROOM  LOCATED AT APT 1D, 1st STORY, 1st APARTMENT FROM SOUTH AT WEST","B","09/18/2025","09/18/2025","550","N","40.834189","-73.90854","203","16","2092074","2028940001","14701","BX0302"
"18240392","6623","1","MANHATTAN","132","132","134","AVENUE D","10009","RIIS","18","13","1","MANHATTAN","132","AVENUE D","10009","4A","4","00362","0010","§ 27-2017.3 HMC: TRACE AND REPAIR THE SOURCE AND ABATE THE VISIBLE MOLD CONDITION... LESS 10 SQ FT AT CEILING AND WEST WALL AROUND WINDOW   IN THE  BATHROOM  LOCATED AT APT 4A, 4th STORY, 3rd APARTMENT FROM NORTH AT EAST","A","09/19/2025","09/19/2025","550","N","40.72437","-73.975518","103","2","1077504","1003620010","24","MN0303"
"18239084","807044","2","BRONX","1350","1350","1350","WASHINGTON AVENUE","10456","MORRIS I","102","7","2","BRONX","1350","WASHINGTON AVENUE","10456","11E","11","02910","0001","§ 27-2017.3 HMC: TRACE AND REPAIR THE SOURCE AND ABATE THE VISIBLE MOLD CONDITION... LESS THAN 10 SQ FT AT WEST  WALL  IN THE  KITCHEN  LOCATED AT APT 11E, 11th STORY, 1st APARTMENT FROM EAST AT SOUTH","A","09/18/2025","09/18/2025","550","N","40.834096","-73.90532","203","16","2092083","2029100001","14701","BX0302"
"18246274","877812","1","MANHATTAN","350","350","354","MADISON STREET","10002","VLADECK","6","23","1","MANHATTAN","354","MADISON STREET","10002","5B","5","00260","0001","§ 27-2017.3 HMC: TRACE AND REPAIR THE SOURCE AND ABATE THE VISIBLE MOLD CONDITION... GREATER THAN 20SQ FT AT CEILING   IN THE  PRIVATE HALLWAY  LOCATED AT APT 5B, 5th STORY, 1st APARTMENT FROM NORTH AT EAST","C","09/22/2025","09/24/2025","550","N","40.713324","-73.982769","103","1","1077529","1002600001","202","MN0302"
"18248608","219845","3","BROOKLYN","112","108","112","CHRISTOPHER AVENUE","11212","GLENMORE PLAZA","171","2","3","BROOKLYN","108","CHRISTOPHER AVENUE","11212","10D","10","03709","0001","§ 27-2017.3 HMC: TRACE AND REPAIR THE SOURCE AND ABATE THE VISIBLE MOLD CONDITION... LESS THAN 10 SQ FT AT CEILING AND EAST WALL  IN THE  KITCHEN  LOCATED AT APT 10D, 10th STORY, 1st APARTMENT FROM EAST AT SOUTH","A","09/24/2025","09/24/2025","550","N","40.670864","-73.906165","316","37","3326948","3037090001","908","BK1602"
"18248689","804214","1","MANHATTAN","865","861","865","COLUMBUS AVENUE","10025","DOUGLASS I","82","7","1","MANHATTAN","865","COLUMBUS AVENUE","10025","13F","13","01836","0001","§ 27-2017.3 HMC: TRACE AND REPAIR THE SOURCE AND ABATE THE VISIBLE MOLD CONDITION... MORE THAN 10 SQUARE FEET AT CEILING AND EAST WALL   IN THE  BATHROOM  LOCATED AT APT 13F, 13th STORY, 4th APARTMENT FROM EAST AT SOUTH","C","09/24/2025","09/24/2025","550","N","40.79693","-73.964551","107","7","1081300","1018360001","189","MN0703"
"18241119","215609","3","BROOKLYN","495","493","495","COLUMBIA STREET","11231","RED HOOK WEST","79","54","3","BROOKLYN","495","COLUMBIA STREET","11231","3E","3","00538","0001","§ 27-2017.3 HMC: TRACE AND REPAIR THE SOURCE AND ABATE THE VISIBLE MOLD CONDITION... GREATER THAN 10 SQ FT AT EAST WALL AND CEILING     IN THE  BATHROOM  LOCATED AT APT 3E, 3rd STORY, 1st APARTMENT FROM EAST AT SOUTH","B","09/20/2025","09/21/2025","550","N","40.675587","-74.007239","306","38","3332222","3005380001","85","BK0601"
"18254138","19694","1","MANHATTAN","307","307","315","EAST 116 STREET","10029","CORSI HOUSES","199","38","1","MANHATTAN","306","EAST 117TH STREET","10029","14G","14","01688","0045","§ 27-2017.3 HMC: TRACE AND REPAIR THE SOURCE AND ABATE THE VISIBLE MOLD CONDITION... AT THE CEILING GREATER THAN 30 SQUARE FEET  IN THE  KITCHEN  LOCATED AT APT 14G, 14th STORY, 4th APARTMENT FROM NORTH AT EAST","C","09/25/2025","09/26/2025","550","N","40.796935","-73.93759","111","8","1079357","1016880045","188","MN1102"
"18254143","19694","1","MANHATTAN","307","307","315","EAST 116 STREET","10029","CORSI HOUSES","199","38","1","MANHATTAN","306","EAST 117TH STREET","10029","14G","14","01688","0045","§ 27-2017.3 HMC: TRACE AND REPAIR THE SOURCE AND ABATE THE VISIBLE MOLD CONDITION... AT THE CEILING AND NORTH WALL GREATER THAN 10 SQUARE FEET   IN THE  BATHROOM  LOCATED AT APT 14G, 14th STORY, 4th APARTMENT FROM NORTH AT EAST","B","09/25/2025","09/25/2025","550","N","40.796935","-73.93759","111","8","1079357","1016880045","188","MN1102"
"18311275","44930","2","BRONX","340","340","342","ALEXANDER AVENUE","10454","MOTT HAVEN","121","4","2","BRONX","340","ALEXANDER AVENUE","10454","9D","9","02304","0001","§ 27-2017.3 HMC: TRACE AND REPAIR THE SOURCE AND ABATE THE VISIBLE MOLD CONDITION... LESS THAN 10.SQ.FEET AT CEILING AND WEST WALL  IN THE  BATHROOM  LOCATED AT APT 9D, 9th STORY, 1st APARTMENT FROM SOUTH AT WEST","A","10/20/2025","10/20/2025","550","N","40.812552","-73.923295","201","8","2091098","2023040001","41","BX0101"
"18262518","995089","1","MANHATTAN","401","401","401","EAST 102 STREET","10029","EAST RIVER","9","21","1","MANHATTAN","401","EAST 102 STREET","10029","4G","4","01696","0001","§ 27-2017.3 HMC: TRACE AND REPAIR THE SOURCE AND ABATE THE VISIBLE MOLD CONDITION...  GREATER THAN 30 SQUARE FEET AT THE CEILING  IN THE  KITCHEN  LOCATED AT APT 4G, 4th STORY, 1st APARTMENT FROM NORTH AT EAST","C","09/30/2025","09/30/2025","550","N","40.787054","-73.941889","111","8","1083936","1016960001","162","MN1101"
"18271214","812476","5","STATEN ISLAND","51","51","67","HILL STREET","10304","STAPLETON","114","11","5","STATEN ISLAND","67","HILL STREET","10304","8E","8","00545","0100","§ 27-2017.3 HMC: TRACE AND REPAIR THE SOURCE AND ABATE THE VISIBLE MOLD CONDITION... GREATER THAN 10SQ FT AT CEILING   IN THE  2nd ROOM  FROM NORTH AT WEST LOCATED AT APT 8E, 8th STORY, 1st APARTMENT FROM NORTH AT EAST , SECTION ""e-h""","B","10/03/2025","10/04/2025","550","N","40.621479","-74.079879","501","49","5113114","5005450100","29","SI0102"
"18271363","672191","4","QUEENS","40-21","40-21","40-29","COLLEGE POINT BOULEVARD","11354","BLAND","54","1","4","QUEENS","40-25","COLLEGE POINT BOULEVARD","11354","7B","7","05037","0008","§ 27-2017.3 HMC: TRACE AND REPAIR THE SOURCE AND ABATE THE VISIBLE MOLD CONDITION... LESS THAN 10 SQ FEET AE NORTH AMD WEST WALLS  IN THE  BATHROOM  LOCATED AT APT 7B, 7th STORY, 3rd APARTMENT FROM NORTH AT EAST","A","10/03/2025","10/04/2025","550","N","40.757599","-73.834075","407","20","4443444","4050370008","871","QN0707"
"18227710","805199","1","MANHATTAN","1591","1591","1591","PARK AVENUE","10029","JOHNSON","17","2","1","MANHATTAN","1591","PARK AVENUE","10029","5B","5","01640","0001","§ 27-2017.3 HMC: TRACE AND REPAIR THE SOURCE AND ABATE THE VISIBLE MOLD CONDITION... GREATER THAN 10 SQ FT AT SOUTH WALL  IN THE  PRIVATE HALLWAY  LOCATED AT APT 5B, 5th STORY, 2nd APARTMENT FROM SOUTH AT WEST","B","09/15/2025","09/22/2025","550","N","40.797743","-73.944368","111","8","1079199","1016400001","182","MN1102"
"18262509","995089","1","MANHATTAN","401","401","401","EAST 102 STREET","10029","EAST RIVER","9","21","1","MANHATTAN","401","EAST 102 STREET","10029","4G","4","01696","0001","§ 27-2017.3 HMC: TRACE AND REPAIR THE SOURCE AND ABATE THE VISIBLE MOLD CONDITION...  GREATER THAN 10 SQUARE FEET AT THE CEILING   IN THE  BATHROOM  LOCATED AT APT 4G, 4th STORY, 1st APARTMENT FROM NORTH AT EAST","B","09/30/2025","10/08/2025","550","N","40.787054","-73.941889","111","8","1083936","1016960001","162","MN1101"
"18271488","36821","1","MANHATTAN","23","23","23","WEST 90 STREET","10024","WSUR (BROWNSTONES)","178","36","1","MANHATTAN","23","WEST 90 STREET","10024","2A","2","01204","0021","§ 27-2017.3 HMC: TRACE AND REPAIR THE SOURCE AND ABATE THE VISIBLE MOLD CONDITION... LESS THAN 10 SQUARE FEET AT THE CEILING, NORTH WALL, AND WEST WALL   IN THE  KITCHEN  LOCATED AT APT 2A, 2nd STORY, 1st APARTMENT FROM SOUTH AT WEST","A","10/03/2025","10/08/2025","550","N","40.788299","-73.968478","107","6","1081758","1012040021","177","MN0702"
"18271499","36821","1","MANHATTAN","23","23","23","WEST 90 STREET","10024","WSUR (BROWNSTONES)","178","36","1","MANHATTAN","23","WEST 90 STREET","10024","2A","2","01204","0021","§ 27-2017.3 HMC: TRACE AND REPAIR THE SOURCE AND ABATE THE VISIBLE MOLD CONDITION... AT THE CEILING LESS THAN 10 SQUARE FEET   IN THE  BATHROOM  LOCATED AT APT 2A, 2nd STORY, 1st APARTMENT FROM SOUTH AT WEST","A","10/03/2025","10/08/2025","550","N","40.788299","-73.968478","107","6","1081758","1012040021","177","MN0702"
"18282696","955274","3","BROOKLYN","30","30","40","CENTRE MALL","11231","RED HOOK WEST","79","50","3","BROOKLYN","30","CENTRE MALL","11231","1D","1","00538","0001","§ 27-2017.3 HMC: TRACE AND REPAIR THE SOURCE AND ABATE THE VISIBLE MOLD CONDITION... LESS THAN 10  SQ.FT AT            EAST WALL IN THE  KITCHEN  LOCATED AT APT 1D, 1st STORY, 1st APARTMENT FROM NORTH AT EAST","A","10/08/2025","10/08/2025","550","N","40.675823","-74.00685","306","38","3332215","3005380001","85","BK0601"
"18282697","955274","3","BROOKLYN","30","30","40","CENTRE MALL","11231","RED HOOK WEST","79","50","3","BROOKLYN","30","CENTRE MALL","11231","1D","1","00538","0001","§ 27-2017.3 HMC: TRACE AND REPAIR THE SOURCE AND ABATE THE VISIBLE MOLD CONDITION... LESS THAN 10 SQ.FT AT            WEST WALL,         SOUTH WALL IN THE  3rd ROOM  FROM EAST LOCATED AT APT 1D, 1st STORY, 1st APARTMENT FROM NORTH AT EAST","A","10/08/2025","10/08/2025","550","N","40.675823","-74.00685","306","38","3332215","3005380001","85","BK0601"
"18286402","807655","3","BROOKLYN","2949","2949","2957","AVENUE X","11235","SHEEPSHEAD BAY","36","3","3","BROOKLYN","2957","AVENUE X","11235","5D","5","07405","1001","§ 27-2017.3 HMC: TRACE AND REPAIR THE SOURCE AND ABATE THE VISIBLE MOLD CONDITION... LESS THAN 10 SQUARE FEET AT CEILING AND EAST WALL   IN THE  BATHROOM  LOCATED AT APT 5D, 5th STORY, 2nd APARTMENT FROM NORTH AT EAST","A","10/08/2025","10/08/2025","550","N","40.593933","-73.939619","315","46","3344550","3074051001","572","BK1503"
"18298399","805285","1","MANHATTAN","2370","2370","2370","2 AVENUE","10035","WAGNER","74","16","1","MANHATTAN","2370","2ND AVENUE","10035","2C","2","01797","0001","§ 27-2017.3 HMC: TRACE AND REPAIR THE SOURCE AND ABATE THE VISIBLE MOLD CONDITION... GREATER THAN 10 SQUARE FEET AT THE CEILING   IN THE  KITCHEN  LOCATED AT APT 2C, 2nd STORY, 1st APARTMENT FROM NORTH AT EAST","B","10/15/2025","10/16/2025","550","N","40.800359","-73.935217","111","8","1081276","1017970001","194","MN1102"
"18227542","808527","3","BROOKLYN","829","829","843","HICKS STREET","11231","RED HOOK EAST","4","33","3","BROOKLYN","829","HICKS STREET","11231","3A","3","00538","0001","§ 27-2017.3 HMC: TRACE AND REPAIR THE SOURCE AND ABATE THE VISIBLE MOLD CONDITION... GREATER THAN 30 SQ FT AT CEILING AND ALL WALLS  IN THE  BATHROOM  LOCATED AT APT 3A, 3rd STORY, 2nd APARTMENT FROM WEST AT NORTH","C","09/15/2025","09/16/2025","550","N","40.674671","-74.005765","306","38","3398223","3005380001","85","BK0601"
"18227708","805199","1","MANHATTAN","1591","1591","1591","PARK AVENUE","10029","JOHNSON","17","2","1","MANHATTAN","1591","PARK AVENUE","10029","5B","5","01640","0001","§ 27-2017.3 HMC: TRACE AND REPAIR THE SOURCE AND ABATE THE VISIBLE MOLD CONDITION... GREATER THAN 10 SQFT AT EAST WALL (IN CLOSET)  IN THE  4th ROOM  FROM EAST AT SOUTH LOCATED AT APT 5B, 5th STORY, 2nd APARTMENT FROM SOUTH AT WEST","B","09/15/2025","09/22/2025","550","N","40.797743","-73.944368","111","8","1079199","1016400001","182","MN1102"
"18259185","806350","2","BRONX","1815","1815","1815","BRUCKNER BOULEVARD","10472","SOTOMAYOR HOUSES","67","27","2","BRONX","1815","BRUCKNER BOULEVARD","10472","5D","5","03730","0001","§ 27-2017.3 HMC: TRACE AND REPAIR THE SOURCE AND ABATE THE VISIBLE MOLD CONDITION... LESS THAN 10 SQUARE FEET AT EAST WALL  IN THE  2nd ROOM  FROM EAST AT SOUTH LOCATED AT APT 5D, 5th STORY, 2nd APARTMENT FROM SOUTH AT WEST , SECTION ""SOUTH""","A","09/18/2025","09/25/2025","550","Y","40.825724","-73.864015","209","18","2092808","2037300001","44","BX0901"
"18239833","215609","3","BROOKLYN","495","493","495","COLUMBIA STREET","11231","RED HOOK WEST","79","52","3","BROOKLYN","65","BUSH STREET","11231","5B","5","00538","0001","§ 27-2017.3 HMC: TRACE AND REPAIR THE SOURCE AND ABATE THE VISIBLE MOLD CONDITION... GREATER THAN 30 SQ FT AT CEILING, WEST WALL AND NORTH WALL  IN THE  BATHROOM  LOCATED AT APT 5B, 5th STORY, 1st APARTMENT FROM WEST AT NORTH","C","09/19/2025","09/19/2025","550","N","40.675587","-74.007239","306","38","3332222","3005380001","85","BK0601"
"18288361","394747","3","BROOKLYN","2926","2926","2932","WEST 25 STREET","11224","CONEY ISLAND I (SITES 4 & 5)","216","7","3","BROOKLYN","2949","WEST 28TH STREET","11224","416B","4","07053","0014","§ 27-2017.3 HMC: TRACE AND REPAIR THE SOURCE AND ABATE THE VISIBLE MOLD CONDITION... GREATER THAN 10 SQ.FT AT EAST WALL   IN THE  2nd ROOM  FROM NORTH LOCATED AT APT 416B, 4th STORY, 4th APARTMENT FROM NORTH AT EAST","B","10/09/2025","10/09/2025","550","N","40.575048","-73.992063","313","47","3385303","3070530014","342","BK1302"
"18240597","807997","3","BROOKLYN","451","451","453","COLUMBIA STREET","11231","RED HOOK EAST","4","37","3","BROOKLYN","21","MILL STREET","11231","5B","5","00538","0001","§ 27-2017.3 HMC: TRACE AND REPAIR THE SOURCE AND ABATE THE VISIBLE MOLD CONDITION... GREATER THAN 10SQ FEET AT NORTH WALL, EAST WALL AND CEILING  IN THE  BATHROOM  LOCATED AT APT 5B, 5th STORY, 1st APARTMENT FROM NORTH AT EAST","B","09/19/2025","09/19/2025","550","N","40.676855","-74.006637","306","38","3332069","3005380001","85","BK0601"
"18241006","807657","3","BROOKLYN","3021","3021","3023","AVENUE X","11235","NOSTRAND","43","27","3","BROOKLYN","3023","AVENUE X","11235","3D","3","07408","0001","§ 27-2017.3 HMC: TRACE AND REPAIR THE SOURCE AND ABATE THE VISIBLE MOLD CONDITION... LESS THAN 10 SQ FT INSIDE BASE CABINET AT SOUTH  IN THE  KITCHEN  LOCATED AT APT 3D, 3rd STORY, 1st APARTMENT FROM EAST AT SOUTH","A","09/20/2025","09/22/2025","550","N","40.594231","-73.936908","315","46","3345789","3074080001","572","BK1503"
"18246272","877812","1","MANHATTAN","350","350","354","MADISON STREET","10002","VLADECK","6","23","1","MANHATTAN","354","MADISON STREET","10002","5B","5","00260","0001","§ 27-2017.3 HMC: TRACE AND REPAIR THE SOURCE AND ABATE THE VISIBLE MOLD CONDITION... GREATER THAN 20SQ FT AT CEILING   IN THE  BATHROOM  LOCATED AT APT 5B, 5th STORY, 1st APARTMENT FROM NORTH AT EAST","B","09/22/2025","09/22/2025","550","N","40.713324","-73.982769","103","1","1077529","1002600001","202","MN0302"
"18246277","877812","1","MANHATTAN","350","350","354","MADISON STREET","10002","VLADECK","6","23","1","MANHATTAN","354","MADISON STREET","10002","5B","5","00260","0001","§ 27-2017.3 HMC: TRACE AND REPAIR THE SOURCE AND ABATE THE VISIBLE MOLD CONDITION... GREATER THAN 20SQ FT AT WEST WALL AND CEILING   IN THE  2nd ROOM  FROM EAST LOCATED AT APT 5B, 5th STORY, 1st APARTMENT FROM NORTH AT EAST","C","09/22/2025","09/22/2025","550","N","40.713324","-73.982769","103","1","1077529","1002600001","202","MN0302"
"18264796","37031","1","MANHATTAN","120","120","144","WEST 94 STREET","10025","WSUR (SITE A) 120 WEST 94TH STREET","151","44","1","MANHATTAN","120","WEST 94 STREET","10025","3B","3","01224","0042","§ 27-2017.3 HMC: TRACE AND REPAIR THE SOURCE AND ABATE THE VISIBLE MOLD CONDITION... GREATER THAN 10 SQ FT AT CEILING, EAST, WEST AND SOUTH WALLS   IN THE  1st BATHROOM  FROM EAST LOCATED AT APT 3B, 3rd STORY, 4th APARTMENT FROM WEST AT NORTH","B","10/01/2025","10/01/2025","550","N","40.791944","-73.9694","107","7","1032540","1012240042","177","MN0702"
"18264797","37031","1","MANHATTAN","120","120","144","WEST 94 STREET","10025","WSUR (SITE A) 120 WEST 94TH STREET","151","44","1","MANHATTAN","120","WEST 94 STREET","10025","3B","3","01224","0042","§ 27-2017.3 HMC: TRACE AND REPAIR THE SOURCE AND ABATE THE VISIBLE MOLD CONDITION... LESS THAN 10 SQ FT AT WOOD BOTTOM INSIDE BASE CABINET AT SINK   IN THE  KITCHEN  LOCATED AT APT 3B, 3rd STORY, 4th APARTMENT FROM WEST AT NORTH","A","10/01/2025","10/01/2025","550","N","40.791944","-73.9694","107","7","1032540","1012240042","177","MN0702"
"18264816","37031","1","MANHATTAN","120","120","144","WEST 94 STREET","10025","WSUR (SITE A) 120 WEST 94TH STREET","151","44","1","MANHATTAN","120","WEST 94 STREET","10025","3B","3","01224","0042","§ 27-2017.3 HMC: TRACE AND REPAIR THE SOURCE AND ABATE THE VISIBLE MOLD CONDITION... LESS THAN 10 SQ FT AT NORTH WALL   IN THE  2nd BATHROOM  FROM EAST LOCATED AT APT 3B, 3rd STORY, 4th APARTMENT FROM WEST AT NORTH","A","10/01/2025","10/01/2025","550","N","40.791944","-73.9694","107","7","1032540","1012240042","177","MN0702"
"18348706","196370","3","BROOKLYN","30","30","30","AVENUE V","11223","MARLBORO","83","2","3","BROOKLYN","30","AVENUE V","11223","13G","13","07137","0001","§ 27-2017.3 HMC: TRACE AND REPAIR THE SOURCE AND ABATE THE VISIBLE MOLD CONDITION... LESS THAN 10SQ.FT AT CEILING   IN THE  BATHROOM  LOCATED AT APT 13G, 13th STORY, 1st APARTMENT FROM EAST AT SOUTH","A","11/05/2025","11/06/2025","550","N","40.593674","-73.983491","313","47","3322143","3071370001","382","BK1301"
"18316277","804657","1","MANHATTAN","210","210","210","EAST 115 STREET","10029","JEFFERSON","64","25","1","MANHATTAN","2095","3 AVENUE","10029","4C","4","01662","0001","§ 27-2017.3 HMC: TRACE AND REPAIR THE SOURCE AND ABATE THE VISIBLE MOLD CONDITION... LESS THAN 10 SQ FT AT SOUTH WALL  IN THE  1st ROOM  FROM NORTH AT EAST LOCATED AT APT 4C, 4th STORY, 1st APARTMENT FROM SOUTH AT WEST","A","10/22/2025","10/22/2025","550","N","40.797132","-73.940237","111","8","1080705","1016620001","180","MN1102"
"18362882","809646","3","BROOKLYN","414","414","414","SUTTER AVENUE","11212","VAN DYKE I","61","1","3","BROOKLYN","414","SUTTER AVENUE","11212","9G","9","03760","0001","§ 27-2017.3 HMC: TRACE AND REPAIR THE SOURCE AND ABATE THE VISIBLE MOLD CONDITION... LESS THAN 10 SQ FT AT            WEST WALL IN THE  BATHROOM  LOCATED AT APT 9G, 9th STORY, 1st APARTMENT FROM NORTH AT EAST","A","11/12/2025","11/12/2025","550","N","40.668057","-73.903963","316","41","3328032","3037600001","910","BK1602"
"18362894","809646","3","BROOKLYN","414","414","414","SUTTER AVENUE","11212","VAN DYKE I","61","1","3","BROOKLYN","414","SUTTER AVENUE","11212","9G","9","03760","0001","§ 27-2011 ADM CODE  CLEANSE TO THE SATISFACTION OF THIS DEPARTMENT THE APPROX  1 SQ FT OF MOLD AT AROUND THE BATHTUB   IN THE  BATHROOM  LOCATED AT APT 9G, 9th STORY, 1st APARTMENT FROM NORTH AT EAST","A","11/12/2025","11/12/2025","553","N","40.668057","-73.903963","316","41","3328032","3037600001","910","BK1602"
"18316778","807881","3","BROOKLYN","80","70","80","BUSH STREET","11231","RED HOOK WEST","79","59","3","BROOKLYN","70","BUSH STREET","11231","5E","5","00538","0001","§ 27-2017.3 HMC: TRACE AND REPAIR THE SOURCE AND ABATE THE VISIBLE MOLD CONDITION... GREATER THAN 30 SQ FT AT CEILING   IN THE  BATHROOM  LOCATED AT APT 5E, 5th STORY, 1st APARTMENT FROM NORTH AT EAST","C","10/22/2025","10/22/2025","550","N","40.674827","-74.005988","306","38","3332223","3005380001","85","BK0601"
"18311100","806627","2","BRONX","1605","1605","1615","EAST 174 STREET","10472","BRONX RIVER","32","5","2","BRONX","1609","EAST 174 STREET","10472","14B","14","03886","0002","§ 27-2017.3 HMC: TRACE AND REPAIR THE SOURCE AND ABATE THE VISIBLE MOLD CONDITION... LESS THAN 10 SQ FT ON CEILING, NORTH AND EAST WALLS  IN THE  BATHROOM  LOCATED AT APT 14B, 14th STORY, 5th APARTMENT FROM WEST AT NORTH","A","10/20/2025","10/20/2025","550","N","40.833901","-73.876512","209","17","2092908","2038860002","62","BX0901"
"18297178","806913","2","BRONX","2776","2776","2780","SCHLEY AVENUE","10465","THROGGS NECK","63","41","2","BRONX","2776","SCHLEY AVENUE","10465","2C","2","05564","0001","§ 27-2017.3 HMC: TRACE AND REPAIR THE SOURCE AND ABATE THE VISIBLE MOLD CONDITION... LESS THAN 10 SQ FT AT SOUTH WALL  IN THE  KITCHEN  LOCATED AT APT 2C, 2nd STORY, 1st APARTMENT FROM EAST AT SOUTH","A","10/14/2025","10/14/2025","550","N","40.822568","-73.825184","210","13","2091468","2055640001","144","BX1002"
"18297349","806121","1","MANHATTAN","228","228","228","WEST 62 STREET","10023","AMSTERDAM","22","13","1","MANHATTAN","228","WEST 62 STREET","10023","1A","1","01154","0101","§ 27-2017.3 HMC: TRACE AND REPAIR THE SOURCE AND ABATE THE VISIBLE MOLD CONDITION... LESS THAN 1O SQUARE FEET AT EAST WALL  IN THE  BATHROOM  LOCATED AT APT 1A, 1st STORY, 1st APARTMENT FROM SOUTH AT WEST","A","10/14/2025","10/14/2025","550","N","40.773355","-73.988187","107","6","1082580","1011540101","15101","MN0701"
"18497576","809336","3","BROOKLYN","192","192","192","SANDS STREET","11201","FARRAGUT","29","3","3","BROOKLYN","192","SANDS STREET","11201","4E","4","00090","0001","§ 27-2017.3 HMC: TRACE AND REPAIR THE SOURCE AND ABATE THE VISIBLE MOLD CONDITION... LESS THAN 10 SQ FT AT            SOUTH WALL IN THE  BATHROOM  LOCATED AT APT 4E, 4th STORY, 3rd APARTMENT FROM WEST AT NORTH , SECTION  AT  EAST","A","12/11/2025","12/11/2025","550","N","40.699757","-73.982603","302","35","3325920","3000900001","23","BK0202"
"18342646","806051","1","MANHATTAN","225","215","235","WEST 129 STREET","10027","SAINT NICHOLAS","38","9","1","MANHATTAN","225","WEST 129 STREET","10027","8C","8","01933","0050","§ 27-2017.3 HMC: TRACE AND REPAIR THE SOURCE AND ABATE THE VISIBLE MOLD CONDITION... GREATER THAN 10 SQFT AT NORTH EAST AND CEILING   IN THE  BATHROOM  LOCATED AT APT 8C, 8th STORY, 1st APARTMENT FROM NORTH AT EAST","B","11/03/2025","11/03/2025","550","N","40.811671","-73.946842","110","9","1081511","1019330050","224","MN1002"
"18342649","806051","1","MANHATTAN","225","215","235","WEST 129 STREET","10027","SAINT NICHOLAS","38","9","1","MANHATTAN","225","WEST 129 STREET","10027","8C","8","01933","0050","§ 27-2017.3 HMC: TRACE AND REPAIR THE SOURCE AND ABATE THE VISIBLE MOLD CONDITION... GREATER THAN 30 SQ FT AT SOUTH WALL   IN THE  PRIVATE HALLWAY  LOCATED AT APT 8C, 8th STORY, 1st APARTMENT FROM NORTH AT EAST","C","11/03/2025","11/03/2025","550","N","40.811671","-73.946842","110","9","1081511","1019330050","224","MN1002"
"18370426","808765","3","BROOKLYN","123","123","131","LORRAINE STREET","11231","RED HOOK EAST","4","28","3","BROOKLYN","129","LORRAINE STREET","11231","3B","3","00538","0001","§ 27-2017.3 HMC: TRACE AND REPAIR THE SOURCE AND ABATE THE VISIBLE MOLD CONDITION... GREATER THAN 10 SQ FT AT WEST, NORTH WALLS AND CEILING     IN THE  BATHROOM  LOCATED AT APT 3B, 3rd STORY, 1st APARTMENT FROM EAST AT SOUTH","B","11/15/2025","11/17/2025","550","N","40.673927","-74.005195","306","38","3332226","3005380001","85","BK0601"
"18330561","809271","3","BROOKLYN","135","135","135","RICHARDS STREET","11231","RED HOOK WEST","79","89","3","BROOKLYN","82","DWIGHT STREET","11231","8H","8","00557","0001","§ 27-2017.3 HMC: TRACE AND REPAIR THE SOURCE AND ABATE THE VISIBLE MOLD CONDITION... LESS THAN 10 SQ.FT AT NORTH WALL AND EAST WALL  IN THE  KITCHEN  LOCATED AT APT 8H, 8th STORY, 1st APARTMENT FROM EAST AT SOUTH","A","10/25/2025","10/26/2025","550","N","40.677201","-74.010351","306","38","3323704","3005570001","85","BK0601"
"18348186","807880","3","BROOKLYN","486","484","486","COLUMBIA STREET","11231","RED HOOK WEST","79","82","3","BROOKLYN","30","BUSH STREET","11231","5D","5","00533","0001","§ 27-2017.3 HMC: TRACE AND REPAIR THE SOURCE AND ABATE THE VISIBLE MOLD CONDITION... MORE THAN 10 SQ FT AT CEILING, NORTH WALL AND WEST WALL   IN THE  BATHROOM  LOCATED AT APT 5D, 5th STORY, 1st APARTMENT FROM NORTH AT EAST","B","11/05/2025","11/05/2025","550","N","40.675159","-74.007466","306","38","3326978","3005330001","85","BK0601"
"18327311","809517","3","BROOKLYN","1008","1008","1010","ST MARKS AVENUE","11213","ALBANY","31","5","3","BROOKLYN","1008","SAINT MARKS AVENUE","11213","4H","4","01352","0080","§ 27-2017.3 HMC: TRACE AND REPAIR THE SOURCE AND ABATE THE VISIBLE MOLD CONDITION... LESS THAN 10 SQUARE FEET AT WEST WALL  IN THE  BATHROOM  LOCATED AT APT 4H, 4th STORY, 2nd APARTMENT FROM EAST AT SOUTH","A","10/28/2025","10/30/2025","550","N","40.67458","-73.938469","308","36","3324616","3013520080","343","BK0802"
"18327312","809517","3","BROOKLYN","1008","1008","1010","ST MARKS AVENUE","11213","ALBANY","31","5","3","BROOKLYN","1008","SAINT MARKS AVENUE","11213","4H","4","01352","0080","§ 27-2017.3 HMC: TRACE AND REPAIR THE SOURCE AND ABATE THE VISIBLE MOLD CONDITION... LESS THAN 10 SQUARE FEET AT WINDOW RECESS AT WEST WALL   IN THE  BATHROOM  LOCATED AT APT 4H, 4th STORY, 2nd APARTMENT FROM EAST AT SOUTH","A","10/28/2025","10/30/2025","550","N","40.67458","-73.938469","308","36","3324616","3013520080","343","BK0802"
"18327315","809517","3","BROOKLYN","1008","1008","1010","ST MARKS AVENUE","11213","ALBANY","31","5","3","BROOKLYN","1008","SAINT MARKS AVENUE","11213","4H","4","01352","0080","§ 27-2017.3 HMC: TRACE AND REPAIR THE SOURCE AND ABATE THE VISIBLE MOLD CONDITION... LESS THAN 10 SQUARE FEET AT WEST WALL  IN THE  BATHROOM  LOCATED AT APT 4H, 4th STORY, 2nd APARTMENT FROM EAST AT SOUTH","A","10/28/2025","10/30/2025","550","N","40.67458","-73.938469","308","36","3324616","3013520080","343","BK0802"
"18327316","809517","3","BROOKLYN","1008","1008","1010","ST MARKS AVENUE","11213","ALBANY","31","5","3","BROOKLYN","1008","SAINT MARKS AVENUE","11213","4H","4","01352","0080","§ 27-2017.3 HMC: TRACE AND REPAIR THE SOURCE AND ABATE THE VISIBLE MOLD CONDITION... LESS THAN 10 SQUARE FEET AT WINDOW RECESS AT WEST WALL   IN THE  BATHROOM  LOCATED AT APT 4H, 4th STORY, 2nd APARTMENT FROM EAST AT SOUTH","A","10/28/2025","10/30/2025","550","N","40.67458","-73.938469","308","36","3324616","3013520080","343","BK0802"
"18319476","847224","1","MANHATTAN","40","40","40","AVENUE D","10009","WALD","23","6","1","MANHATTAN","40","AVENUE D","10009","6C","6","00356","0001","§ 27-2017.3 HMC: TRACE AND REPAIR THE SOURCE AND ABATE THE VISIBLE MOLD CONDITION... GREATER THAN 20SQ FT AT SOUTH AND WEST WALLS AND CEILING   IN THE  BATHROOM  LOCATED AT APT 6C, 6th STORY, 1st APARTMENT FROM EAST AT SOUTH","B","10/23/2025","10/23/2025","550","N","40.721637","-73.977517","103","2","1078058","1003560001","20","MN0303"
"18334322","807979","3","BROOKLYN","161","161","167","BUSH STREET","11231","RED HOOK EAST","4","8","3","BROOKLYN","626","CLINTON STREET","11231","6C","6","00538","0001","§ 27-2017.3 HMC: TRACE AND REPAIR THE SOURCE AND ABATE THE VISIBLE MOLD CONDITION... LESS THAN 1O SQ FT AT CEILING   IN THE  BATHROOM  LOCATED AT APT 6C, 6th STORY, 1st APARTMENT FROM WEST AT NORTH , SECTION ""626CLINTON""","A","10/30/2025","10/30/2025","550","N","40.674124","-74.003342","306","38","3332220","3005380001","85","BK0601"
"18370705","807996","3","BROOKLYN","35","35","53","DWIGHT STREET","11231","RED HOOK WEST","79","64","3","BROOKLYN","420","COLUMBIA STREET","11231","6B","6","00533","0001","§ 27-2017.3 HMC: TRACE AND REPAIR THE SOURCE AND ABATE THE VISIBLE MOLD CONDITION... GREATER THAN 10 SQ FT AT WEST, NORTH WALLS AND CEILING     IN THE  BATHROOM  LOCATED AT APT 6B, 6th STORY, 1st APARTMENT FROM WEST AT NORTH","B","11/15/2025","11/17/2025","550","N","40.677638","-74.007138","306","38","3326974","3005330001","85","BK0601"
"18334527","806882","2","BRONX","2280","2280","2280","RANDALL AVENUE","10473","CASTLE HILL","80","12","2","BRONX","2280","RANDALL AVENUE","10473","8G","8","03537","0001","§ 27-2017.3 HMC: TRACE AND REPAIR THE SOURCE AND ABATE THE VISIBLE MOLD CONDITION... GREATER THAN 30 SQ. FT. ALL WALLS AND CEILING  IN THE  BATHROOM  LOCATED AT APT 8G, 8th STORY, 1st APARTMENT FROM NORTH AT EAST , SECTION ""NORTH""","C","10/30/2025","10/30/2025","550","N","40.819339","-73.845573","209","18","2092636","2035370001","90","BX0903"
"18498106","807681","3","BROOKLYN","2334","2334","2336","BATCHELDER STREET","11229","SHEEPSHEAD BAY","36","14","3","BROOKLYN","2334","BATCHELDER STREET","11229","6A","6","07405","1001","§ 27-2017.3 HMC: TRACE AND REPAIR THE SOURCE AND ABATE THE VISIBLE MOLD CONDITION... LESS THAN 10 SQ FT OF MOLD AT THE EAST WALL  IN THE  4th ROOM  FROM NORTH LOCATED AT APT 6A, 6th STORY, 2nd APARTMENT FROM EAST AT SOUTH","A","12/11/2025","12/12/2025","550","N","40.595511","-73.938059","315","46","3344552","3074051001","572","BK1503"
"18334539","806882","2","BRONX","2280","2280","2280","RANDALL AVENUE","10473","CASTLE HILL","80","12","2","BRONX","2280","RANDALL AVENUE","10473","8G","8","03537","0001","§ 27-2017.3 HMC: TRACE AND REPAIR THE SOURCE AND ABATE THE VISIBLE MOLD CONDITION... LESS THAN 30 SQ. FT. GREATER THAN 10 SQ. FT MOLD INSIDE THE CLOSET AT SOUTH WALL AND CEILING  IN THE  2nd ROOM  FROM NORTH AT EAST LOCATED AT APT 8G, 8th STORY, 1st APARTMENT FROM NORTH AT EAST , SECTION ""NORTH""","B","10/30/2025","10/30/2025","550","N","40.819339","-73.845573","209","18","2092636","2035370001","90","BX0903"
"18539129","820567","1","MANHATTAN","80","80","94","BARUCH DRIVE","10002","BARUCH","60","15","1","MANHATTAN","90","BARUCH DRIVE","10002","OGB","1","00323","0001","§ 27-2017.3 HMC: TRACE AND REPAIR THE SOURCE AND ABATE THE VISIBLE MOLD CONDITION... LESS THAN 10 SQ. FT AT ALL WALL AND CEILING  IN THE  BATHROOM  LOCATED AT APT OGB, 1st STORY, 1st APARTMENT FROM NORTH AT EAST","A","12/30/2025","12/30/2025","550","N","40.717693","-73.978081","103","2","1078033","1003230001","1002","MN0302"
"18336905","808503","3","BROOKLYN","748","748","754","HENRY STREET","11231","RED HOOK EAST","4","16","3","BROOKLYN","752","HENRY STREET","11231","2E","2","00538","0001","§ 27-2017.3 HMC: TRACE AND REPAIR THE SOURCE AND ABATE THE VISIBLE MOLD CONDITION... LESS THAN 10 SQ FEET AT WINDOW RECESS  IN THE  BATHROOM  LOCATED AT APT 2E, 2nd STORY, 1st APARTMENT FROM SOUTH AT WEST","A","10/31/2025","11/03/2025","550","N","40.675409","-74.003612","306","38","3332224","3005380001","85","BK0601"
"18280023","805245","1","MANHATTAN","90","90","100","PITT STREET","10002","GOMPERS","100","7","1","MANHATTAN","100","PITT STREET","10002","1B","1","00338","0001","§ 27-2011 ADM CODE  CLEANSE TO THE SATISFACTION OF THIS DEPARTMENT THE MOLD AROUND BATHTUB AT NORTH, SOUTH AND WEST WALLS   IN THE  2nd BATHROOM  FROM NORTH LOCATED AT APT 1B, 1st STORY, 1st APARTMENT FROM EAST AT SOUTH","A","10/07/2025","10/07/2025","553","N","40.718605","-73.98232","103","2","1082686","1003380001","2201","MN0302"
"18498119","807681","3","BROOKLYN","2334","2334","2336","BATCHELDER STREET","11229","SHEEPSHEAD BAY","36","14","3","BROOKLYN","2334","BATCHELDER STREET","11229","6A","6","07405","1001","§ 27-2017.3 HMC: TRACE AND REPAIR THE SOURCE AND ABATE THE VISIBLE MOLD CONDITION... LESS THAN 10 SQ FT AT THE WEST WALL  IN THE  3rd ROOM  FROM NORTH AT WEST LOCATED AT APT 6A, 6th STORY, 2nd APARTMENT FROM EAST AT SOUTH","A","12/11/2025","12/12/2025","550","N","40.595511","-73.938059","315","46","3344552","3074051001","572","BK1503"
"18601457","808427","3","BROOKLYN","5817","5817","5901","GLENWOOD ROAD","11234","GLENWOOD","44","24","3","BROOKLYN","5901","GLENWOOD ROAD","11234","4D","4","07978","0001","§ 27-2017.3 HMC: TRACE AND REPAIR THE SOURCE AND ABATE THE VISIBLE MOLD CONDITION... GREATER THAN 10 SQ/FT AT THE NORTH AND EAST WALLS AND THE            CEILING IN THE  BATHROOM  LOCATED AT APT 4D, 4th STORY, 1st APARTMENT FROM NORTH AT EAST","B","01/28/2026","01/28/2026","550","N","40.633639","-73.920175","318","45","3331012","3079780001","94402","BK1801"
"18510361","807002","2","BRONX","595","595","595","TRINITY AVENUE","10455","SAINT MARY'S PARK","93","2","2","BRONX","595","TRINITY AVENUE","10455","13G","13","02623","0135","§ 27-2017.3 HMC: TRACE AND REPAIR THE SOURCE AND ABATE THE VISIBLE MOLD CONDITION... GREATER THAN 10SQ.FT AT NORTH WALL   IN THE  4th ROOM  FROM NORTH LOCATED AT APT 13G, 13th STORY, 1st APARTMENT FROM SOUTH AT WEST","B","12/16/2025","12/16/2025","550","N","40.81487","-73.909517","201","8","2091317","2026230135","73","BX0102"
"18545564","217152","3","BROOKLYN","483","483","509","CARLTON AVENUE","11238","ATLANTIC TERMINAL SITE 4B","256","6","3","BROOKLYN","487","CARLTON AVENUE","11238","24L","24","02007","0001","§ 27-2005 ADM CODE  PROPERLY REPAIR WITH SIMILAR MATERIAL THE BROKEN OR DEFECTIVE PLASTIC BASEBOARD MOLDING AT EAST   IN THE  1st ROOM  FROM NORTH AT EAST LOCATED AT APT 24L, 24th STORY, 2nd APARTMENT FROM NORTH AT EAST","B","01/02/2026","01/05/2026","502","N","40.683189","-73.970853","302","35","3057520","3020070001","179","BK0203"
"18362880","809646","3","BROOKLYN","414","414","414","SUTTER AVENUE","11212","VAN DYKE I","61","1","3","BROOKLYN","414","SUTTER AVENUE","11212","9G","9","03760","0001","§ 27-2017.3 HMC: TRACE AND REPAIR THE SOURCE AND ABATE THE VISIBLE MOLD CONDITION... LESS THAN 10 SQ FT AT            SOUTH WALL IN THE  BATHROOM  LOCATED AT APT 9G, 9th STORY, 1st APARTMENT FROM NORTH AT EAST","A","11/12/2025","11/12/2025","550","N","40.668057","-73.903963","316","41","3328032","3037600001","910","BK1602"
"18363984","805002","1","MANHATTAN","1829","1829","1839","LEXINGTON AVENUE","10029","JOHNSON","17","14","1","MANHATTAN","1839","LEXINGTON AVENUE","10029","7C","7","01640","0021","§ 27-2017.3 HMC: TRACE AND REPAIR THE SOURCE AND ABATE THE VISIBLE MOLD CONDITION... LESS THAN 10 SQFT AT CEILING   IN THE  PRIVATE HALLWAY  LOCATED AT APT 7C, 7th STORY, 1st APARTMENT FROM WEST AT NORTH , SECTION ""1839""","A","11/12/2025","11/12/2025","550","N","40.796762","-73.942968","111","8","1087213","1016400021","182","MN1102"
"18545441","6656","1","MANHATTAN","90","90","90","AVENUE D","10009","RIIS II","19","25","1","MANHATTAN","90","AVENUE D","10009","9E","9","00362","0001","§ 27-2017.3 HMC: TRACE AND REPAIR THE SOURCE AND ABATE THE VISIBLE MOLD CONDITION... GREATER THAN 10SQ FT AT CEILING   IN THE  BATHROOM  LOCATED AT APT 9E, 9th STORY, 1st APARTMENT FROM SOUTH AT WEST","B","01/02/2026","01/02/2026","550","N","40.723113","-73.976442","103","2","1077551","1003620001","24","MN0303"
"18583222","804077","1","MANHATTAN","50","50","54","AVENUE D","10009","WALD","23","4","1","MANHATTAN","50","AVENUE D","10009","7J","7","00356","0001","§ 27-2017.3 HMC: TRACE AND REPAIR THE SOURCE AND ABATE THE VISIBLE MOLD CONDITION... GREATER THAN 10 SQFT AT CEILING  IN THE  KITCHEN  LOCATED AT APT 7J, 7th STORY, 2nd APARTMENT FROM WEST AT NORTH","B","01/21/2026","01/21/2026","550","N","40.721675","-73.977485","103","2","1078049","1003560001","20","MN0303"
"18475584","934545","1","MANHATTAN","138","136","138","EAST 3 STREET","10009","FIRST HOUSES","1","4","1","MANHATTAN","138","EAST 3 STREET","10009","2A","2","00430","0010","§ 27-2017.3 HMC: TRACE AND REPAIR THE SOURCE AND ABATE THE VISIBLE MOLD CONDITION... LESS THAN 10 SQ.FT AT WEST WALL   IN THE  BATHROOM  LOCATED AT APT 2A, 2nd STORY, 1st APARTMENT FROM SOUTH AT WEST","A","12/01/2025","12/01/2025","550","N","40.723842","-73.985767","103","2","1077952","1004300010","3002","MN0303"
"18496098","811708","4","QUEENS","116-40","116-40","116-44","GUY R BREWER BOULEVARD","11434","BAISLEY PARK","91","4","4","QUEENS","116-40","GUY BREWER BOULEVARD","11434","4D","4","12235","0022","§ 27-2017.3 HMC: TRACE AND REPAIR THE SOURCE AND ABATE THE VISIBLE MOLD CONDITION... GREATER THEN 10SQ FT AT EAST AND WEST WALL   IN THE  BATHROOM  LOCATED AT APT 4D, 4th STORY, 2nd APARTMENT FROM NORTH AT EAST","B","12/10/2025","12/11/2025","550","N","40.685658","-73.783843","412","28","4435280","4122350022","278","QN1203"
"18394816","807881","3","BROOKLYN","80","70","80","BUSH STREET","11231","RED HOOK WEST","79","58","3","BROOKLYN","80","BUSH STREET","11231","1A","1","00538","0001","§ 27-2017.3 HMC: TRACE AND REPAIR THE SOURCE AND ABATE THE VISIBLE MOLD CONDITION... LESS THAN 10SQ FT AT CEILING AND EAST WALL   IN THE  BATHROOM  LOCATED AT APT 1A, 1st STORY, 1st APARTMENT FROM SOUTH AT WEST","A","11/21/2025","11/22/2025","550","N","40.674827","-74.005988","306","38","3332223","3005380001","85","BK0601"
"18539056","804634","1","MANHATTAN","435","435","435","EAST 105 STREET","10029","WILSON","112","3","1","MANHATTAN","435","EAST 105 STREET","10029","12B","12","01699","0001","§ 27-2017.3 HMC: TRACE AND REPAIR THE SOURCE AND ABATE THE VISIBLE MOLD CONDITION... LESS THAN 10SQ AT CEILING   IN THE  BATHROOM  LOCATED AT APT 12B, 12th STORY, 4th APARTMENT FROM WEST AT NORTH","A","12/30/2025","12/30/2025","550","N","40.7884","-73.939226","111","8","1079369","1016990001","162","MN1101"
"18596086","955227","1","MANHATTAN","765","765","765","F D R DRIVE","10009","RIIS II","19","19","1","MANHATTAN","765","FDR DRIVE","10009","11E","11","00362","0001","§ 27-2017.3 HMC: TRACE AND REPAIR THE SOURCE AND ABATE THE VISIBLE MOLD CONDITION... LESS THAN 10 SQ FT AT EAST WALL  IN THE  BATHROOM  LOCATED AT APT 11E, 11th STORY, 3rd APARTMENT FROM WEST AT NORTH","A","01/26/2026","01/27/2026","550","N","40.722512","-73.974501","103","2","1077555","1003620001","24","MN0303"
"18495733","811823","4","QUEENS","133-36","133-36","133-40","ROOSEVELT AVENUE","11354","BLAND","54","4","4","QUEENS","133-40","ROOSEVELT AVENUE","11354","2B","2","05037","0008","§ 27-2017.3 HMC: TRACE AND REPAIR THE SOURCE AND ABATE THE VISIBLE MOLD CONDITION... LESS THAN 10 SQ FEET AT NORTH WALL WITHIN NORTH CLOSET   IN THE  PRIVATE HALLWAY  LOCATED AT APT 2B, 2nd STORY, 3rd APARTMENT FROM NORTH AT EAST","A","12/10/2025","12/10/2025","550","N","40.758531","-73.833124","407","20","4443447","4050370008","871","QN0707"
"18581456","394747","3","BROOKLYN","2926","2926","2932","WEST 25 STREET","11224","CONEY ISLAND I (SITES 4 & 5)","216","8","3","BROOKLYN","2925","WEST 27TH STREET","11224","1026C","10","07053","0014","§ 27-2017.3 HMC: TRACE AND REPAIR THE SOURCE AND ABATE THE VISIBLE MOLD CONDITION... LESS THAN 10 SQUARE FEET AT CEILING   IN THE  BATHROOM  LOCATED AT APT 1026C, 10th STORY, 3rd APARTMENT FROM WEST AT NORTH","A","01/20/2026","01/23/2026","550","N","40.575048","-73.992063","313","47","3385303","3070530014","342","BK1302"
"18534610","986494","1","MANHATTAN","180","180","180","SOUTH STREET","10038","SMITH","27","4","1","MANHATTAN","180","SOUTH STREET","10038","3B","3","00111","0100","§ 27-2017.3 HMC: TRACE AND REPAIR THE SOURCE AND ABATE THE VISIBLE MOLD CONDITION... GREATER THAN 10SQ AT EAST WALL           EAST WALL IN THE  BATHROOM  LOCATED AT APT 3B, 3rd STORY, 1st APARTMENT FROM SOUTH AT WEST","B","12/29/2025","12/31/2025","550","N","40.708821","-73.998968","103","1","1077413","1001110100","25","MN0301"
"18531647","804695","1","MANHATTAN","350","350","350","EAST 124 STREET","10035","WAGNER","74","21","1","MANHATTAN","350","EAST 124 STREET","10035","1A","1","01797","0001","§ 27-2017.3 HMC: TRACE AND REPAIR THE SOURCE AND ABATE THE VISIBLE MOLD CONDITION... LESS THAN 20SQ FT AT CEILING   IN THE  BATHROOM  LOCATED AT APT 1A, 1st STORY, 1st APARTMENT FROM NORTH AT EAST","B","12/26/2025","12/26/2025","550","N","40.801536","-73.933081","111","8","1081282","1017970001","194","MN1102"
"18622930","810254","4","QUEENS","27-25","27-25","27-25","1 STREET","11102","ASTORIA","26","11","4","QUEENS","27-25","1ST STREET","11102","GH","1","00490","0101","§ 27-2017.3 HMC: TRACE AND REPAIR THE SOURCE AND ABATE THE VISIBLE MOLD CONDITION... LESS THAN 10 SQUARE FEET AROUND WINDOW FRAME AT SOUTH WALL   IN THE  1st ROOM  FROM EAST LOCATED AT APT GH, 1st STORY, 1st APARTMENT FROM EAST AT SOUTH","A","02/06/2026","02/12/2026","550","N","40.774993","-73.936448","401","22","4430784","4004900101","87","QN0102"
"18545565","217152","3","BROOKLYN","483","483","509","CARLTON AVENUE","11238","ATLANTIC TERMINAL SITE 4B","256","6","3","BROOKLYN","487","CARLTON AVENUE","11238","24L","24","02007","0001","§ 27-2005 ADM CODE  PROPERLY REPAIR WITH SIMILAR MATERIAL THE BROKEN OR DEFECTIVE PLASTIC BASEBOARD MOLDING AT WEST  IN THE  PRIVATE HALLWAY  LOCATED AT APT 24L, 24th STORY, 2nd APARTMENT FROM NORTH AT EAST","B","01/02/2026","01/05/2026","502","N","40.683189","-73.970853","302","35","3057520","3020070001","179","BK0203"
"18554441","986494","1","MANHATTAN","180","180","180","SOUTH STREET","10038","SMITH","27","4","1","MANHATTAN","180","SOUTH STREET","10038","3B","3","00111","0100","§ 27-2017.3 HMC: TRACE AND REPAIR THE SOURCE AND ABATE THE VISIBLE MOLD CONDITION... MORE THAN 10 SQ.FT AT            1st CLOSET  FROM WEST AT NORTH WALL WALL IN THE  PRIVATE HALLWAY  LOCATED AT APT 3B, 3rd STORY, 1st APARTMENT FROM SOUTH AT WEST","B","01/07/2026","01/07/2026","550","N","40.708821","-73.998968","103","1","1077413","1001110100","25","MN0301"
"18510185","811708","4","QUEENS","116-40","116-40","116-44","GUY R BREWER BOULEVARD","11434","BAISLEY PARK","91","4","4","QUEENS","116-40","GUY BREWER BOULEVARD","11434","4D","4","12235","0022","§ 27-2017.3 HMC: TRACE AND REPAIR THE SOURCE AND ABATE THE VISIBLE MOLD CONDITION... LESS THAN 10 SQ/FT AT THE WEST AND            EAST WALL IN THE  BATHROOM  LOCATED AT APT 4D, 4th STORY, 4th APARTMENT FROM NORTH AT EAST","A","12/16/2025","12/16/2025","550","N","40.685658","-73.783843","412","28","4435280","4122350022","278","QN1203"
"18586448","809336","3","BROOKLYN","192","192","192","SANDS STREET","11201","FARRAGUT","29","3","3","BROOKLYN","192","SANDS STREET","11201","5E","5","00090","0001","§ 27-2017.3 HMC: TRACE AND REPAIR THE SOURCE AND ABATE THE VISIBLE MOLD CONDITION... LESS THAN 10SQFT AT SOUTH WALL   IN THE  KITCHEN  LOCATED AT APT 5E, 5th STORY, 3rd APARTMENT FROM NORTH AT EAST","A","01/21/2026","01/22/2026","550","N","40.699757","-73.982603","302","35","3325920","3000900001","23","BK0202"
"18582919","394648","3","BROOKLYN","2816","2816","2852","WEST 23 STREET","11224","CAREY GARDENS","166","3","3","BROOKLYN","2832","WEST 23RD STREET","11224","8R","8","07015","0015","§ 27-2017.3 HMC: TRACE AND REPAIR THE SOURCE AND ABATE THE VISIBLE MOLD CONDITION... GREATER THAN 10 SQ FT AT CEILING, SOUTH AND WEST WALL   IN THE  BATHROOM  LOCATED AT APT 8R, 8th STORY, 1st APARTMENT FROM WEST AT NORTH","B","01/21/2026","01/22/2026","550","N","40.578018","-73.990453","313","47","3188894","3070150015","326","BK1302"
"18586450","809336","3","BROOKLYN","192","192","192","SANDS STREET","11201","FARRAGUT","29","3","3","BROOKLYN","192","SANDS STREET","11201","5E","5","00090","0001","§ 27-2017.3 HMC: TRACE AND REPAIR THE SOURCE AND ABATE THE VISIBLE MOLD CONDITION... LESS THAN 10SQFT AT NORTH AND EAST WALL  IN THE  PRIVATE HALLWAY  LOCATED AT APT 5E, 5th STORY, 3rd APARTMENT FROM NORTH AT EAST","A","01/21/2026","01/22/2026","550","N","40.699757","-73.982603","302","35","3325920","3000900001","23","BK0202"
"18586452","809336","3","BROOKLYN","192","192","192","SANDS STREET","11201","FARRAGUT","29","3","3","BROOKLYN","192","SANDS STREET","11201","5E","5","00090","0001","§ 27-2017.3 HMC: TRACE AND REPAIR THE SOURCE AND ABATE THE VISIBLE MOLD CONDITION... LESS THAN 10SQFT AT CEILING , WEST AND NORTH WALL   IN THE  BATHROOM  LOCATED AT APT 5E, 5th STORY, 3rd APARTMENT FROM NORTH AT EAST","A","01/21/2026","01/22/2026","550","N","40.699757","-73.982603","302","35","3325920","3000900001","23","BK0202"
"18600474","806034","1","MANHATTAN","74","74","76","WEST 103 STREET","10025","DOUGLASS I","82","17","1","MANHATTAN","74","WEST 103 STREET","10025","4A","4","01836","0001","§ 27-2017.3 HMC: TRACE AND REPAIR THE SOURCE AND ABATE THE VISIBLE MOLD CONDITION... LESS THAN 10 SQ FT AT WALL IN THE SOUTH CLOSET  IN THE  3rd ROOM  FROM NORTH LOCATED AT APT 4A, 4th STORY, 1st APARTMENT FROM SOUTH AT WEST","A","01/28/2026","01/29/2026","550","N","40.79718","-73.964009","107","7","1081302","1018360001","189","MN0703"
"18600787","804742","1","MANHATTAN","950","950","950","EAST 4 WALK","10009","WALD","23","12","1","MANHATTAN","950","EAST 4 WALK","10009","1G","1","00356","0001","§ 27-2017.3 HMC: TRACE AND REPAIR THE SOURCE AND ABATE THE VISIBLE MOLD CONDITION... LESS THEN 30 SQ FEET AT AT NORTH AND EAST WALL  IN THE  KITCHEN  LOCATED AT APT 1G, 1st STORY, 2nd APARTMENT FROM WEST AT NORTH","B","01/28/2026","02/12/2026","550","N","40.720319","-73.975617","103","2","1078056","1003560001","20","MN0303"
"18662258","972853","1","MANHATTAN","3150","3140","3150","BROADWAY","10027","GRANT","87","2","1","MANHATTAN","3150","BROADWAY","10027","11E","11","01980","0001","§ 27-2017.3 HMC: TRACE AND REPAIR THE SOURCE AND ABATE THE VISIBLE MOLD CONDITION... GREATER THAN 10 SQUARE FEET AT THE CEILING   IN THE  BATHROOM  LOCATED AT APT 11E, 11th STORY, 2nd APARTMENT FROM SOUTH AT WEST","B","02/24/2026","02/24/2026","550","N","40.814239","-73.959336","109","7","1084117","1019800001","211","MN0901"
"18619528","804997","1","MANHATTAN","1536","1536","1538","LEXINGTON AVENUE","10029","LEXINGTON","50","16","1","MANHATTAN","1536","LEXINGTON AVENUE","10029","2E","2","01626","0001","§ 27-2017.3 HMC: TRACE AND REPAIR THE SOURCE AND ABATE THE VISIBLE MOLD CONDITION... GREATER THAN 10 SQUARE FEET   IN THE  KITCHEN  LOCATED AT APT 2E, 2nd STORY, 2nd APARTMENT FROM WEST AT NORTH","B","02/04/2026","02/04/2026","550","N","40.787324","-73.94988","111","8","1078912","1016260001","166","MN1101"
"18596678","864102","1","MANHATTAN","30","30","30","PALADINO AVENUE","10035","WAGNER","74","11","1","MANHATTAN","30","PALADINO AVENUE","10035","2D","2","01808","0001","§ 27-2017.3 HMC: TRACE AND REPAIR THE SOURCE AND ABATE THE VISIBLE MOLD CONDITION... LESS THAN 10 SQ FT AT CEILING            CEILING IN THE  BATHROOM  LOCATED AT APT 2D, 2nd STORY, 2nd APARTMENT FROM NORTH AT EAST","A","01/26/2026","01/26/2026","550","N","40.800214","-73.930869","111","8","1081294","1018080001","192","MN1102"
"18654927","847216","3","BROOKLYN","542","542","546","FLUSHING AVENUE","11206","MARCY","21","19","3","BROOKLYN","542","FLUSHING AVENUE","11206","2A","2","01719","0001","§ 27-2017.3 HMC: TRACE AND REPAIR THE SOURCE AND ABATE THE VISIBLE MOLD CONDITION... GREATER THAN 10 SQFT AT THE            CEILING IN THE  BATHROOM  LOCATED AT APT 2A, 2nd STORY, 2nd APARTMENT FROM NORTH AT EAST","B","02/19/2026","02/19/2026","550","N","40.699583","-73.951735","303","36","3325581","3017190001","255","BK0301"
"18654928","847216","3","BROOKLYN","542","542","546","FLUSHING AVENUE","11206","MARCY","21","19","3","BROOKLYN","542","FLUSHING AVENUE","11206","2A","2","01719","0001","§ 27-2017.3 HMC: TRACE AND REPAIR THE SOURCE AND ABATE THE VISIBLE MOLD CONDITION... LESS THAN 10 SQFT AT THE 1ST STEAM RISER FROM EAST AT SOUTH            1st RISER  FROM EAST AT SOUTH WALL IN THE  BATHROOM  LOCATED AT APT 2A, 2nd STORY, 2nd APARTMENT FROM NORTH AT EAST","A","02/19/2026","02/19/2026","550","N","40.699583","-73.951735","303","36","3325581","3017190001","255","BK0301"
"18603012","864101","1","MANHATTAN","2385","2385","2385","1 AVENUE","10035","WAGNER","74","17","1","MANHATTAN","2385","1 AVENUE","10035","5E","5","01797","0001","§ 27-2017.3 HMC: TRACE AND REPAIR THE SOURCE AND ABATE THE VISIBLE MOLD CONDITION... LESS THAN 10 SQ FT AT CEILING  IN THE  BATHROOM  LOCATED AT APT 5E, 5th STORY, 3rd APARTMENT FROM SOUTH AT WEST","A","01/29/2026","02/04/2026","550","N","40.799946","-73.932541","111","8","1081278","1017970001","194","MN1102"
"18635493","808526","3","BROOKLYN","811","811","817","HICKS STREET","11231","RED HOOK EAST","4","26","3","BROOKLYN","811","HICKS STREET","11231","1C","1","00538","0001","§ 27-2017.3 HMC: TRACE AND REPAIR THE SOURCE AND ABATE THE VISIBLE MOLD CONDITION... GREATER THAN 10 SQ FT AT CEILING, NORTH WALL, EAST WALL, SOUTH WALL AND WEST WALL   IN THE  BATHROOM  LOCATED AT APT 1C, 1st STORY, 1st APARTMENT FROM SOUTH AT WEST","B","02/11/2026","02/12/2026","550","N","40.675324","-74.005451","306","38","3332230","3005380001","85","BK0601"
"18622926","810254","4","QUEENS","27-25","27-25","27-25","1 STREET","11102","ASTORIA","26","11","4","QUEENS","27-25","1ST STREET","11102","GH","1","00490","0101","§ 27-2017.3 HMC: TRACE AND REPAIR THE SOURCE AND ABATE THE VISIBLE MOLD CONDITION... LESS THAN 10 SQUARE FEET AT CEILING   IN THE  BATHROOM  LOCATED AT APT GH, 1st STORY, 1st APARTMENT FROM EAST AT SOUTH","A","02/06/2026","02/06/2026","550","N","40.774993","-73.936448","401","22","4430784","4004900101","87","QN0102"
"18629669","805002","1","MANHATTAN","1829","1829","1839","LEXINGTON AVENUE","10029","JOHNSON","17","13","1","MANHATTAN","1829","LEXINGTON AVENUE","10029","10G","10","01640","0021","§ 27-2017.3 HMC: TRACE AND REPAIR THE SOURCE AND ABATE THE VISIBLE MOLD CONDITION... LESS THAN 10.SQ.FT AT CEILING  IN THE  BATHROOM  LOCATED AT APT 10G, 10th STORY, 1st APARTMENT FROM SOUTH AT WEST","A","02/09/2026","02/09/2026","550","N","40.796762","-73.942968","111","8","1087213","1016400021","182","MN1102"
"18641288","807996","3","BROOKLYN","35","35","53","DWIGHT STREET","11231","RED HOOK WEST","79","64","3","BROOKLYN","420","COLUMBIA STREET","11231","3C","3","00533","0001","§ 27-2017.3 HMC: TRACE AND REPAIR THE SOURCE AND ABATE THE VISIBLE MOLD CONDITION... GREATER THAN 10 SQ FT AT CEILING   IN THE  KITCHEN  LOCATED AT APT 3C, 3rd STORY, 1st APARTMENT FROM NORTH AT EAST","B","02/13/2026","02/13/2026","550","N","40.677638","-74.007138","306","38","3326974","3005330001","85","BK0601"
"18629670","805002","1","MANHATTAN","1829","1829","1839","LEXINGTON AVENUE","10029","JOHNSON","17","13","1","MANHATTAN","1829","LEXINGTON AVENUE","10029","10G","10","01640","0021","§ 27-2017.3 HMC: TRACE AND REPAIR THE SOURCE AND ABATE THE VISIBLE MOLD CONDITION... LESS THAN 10.SQ.FT AT CEILING  IN THE  KITCHEN  LOCATED AT APT 10G, 10th STORY, 1st APARTMENT FROM SOUTH AT WEST","A","02/09/2026","02/09/2026","550","N","40.796762","-73.942968","111","8","1087213","1016400021","182","MN1102"
"18629671","805002","1","MANHATTAN","1829","1829","1839","LEXINGTON AVENUE","10029","JOHNSON","17","13","1","MANHATTAN","1829","LEXINGTON AVENUE","10029","10G","10","01640","0021","§ 27-2017.3 HMC: TRACE AND REPAIR THE SOURCE AND ABATE THE VISIBLE MOLD CONDITION... LESS THAN 10.SQ.FT AT CEILING   IN THE  PRIVATE HALLWAY  LOCATED AT APT 10G, 10th STORY, 1st APARTMENT FROM SOUTH AT WEST","A","02/09/2026","02/09/2026","550","N","40.796762","-73.942968","111","8","1087213","1016400021","182","MN1102"
"18652131","120460","2","BRONX","1320","1318","1332","WEBSTER AVENUE","10456","BUTLER","113","1","2","BRONX","1330","WEBSTER AVENUE","10456","1D","1","02894","0001","§ 27-2017.3 HMC: TRACE AND REPAIR THE SOURCE AND ABATE THE VISIBLE MOLD CONDITION... MORE THAN (10) SQ FT AT CEILING, EAST, SOUTH, WEST WALLS, AND WALLS AT THE 1ST CLOSET AT NORTH   IN THE  3rd ROOM  FROM EAST AT SOUTH LOCATED AT APT 1D, 1st STORY, 1st APARTMENT FROM EAST AT SOUTH","C","02/18/2026","02/18/2026","550","N","40.834189","-73.90854","203","16","2092074","2028940001","14701","BX0302"
"18654935","847216","3","BROOKLYN","542","542","546","FLUSHING AVENUE","11206","MARCY","21","19","3","BROOKLYN","542","FLUSHING AVENUE","11206","2A","2","01719","0001","§ 27-2005 HMC: PROPERLY REPAIR OR REPLACE THE BROKEN OR DEFECTIVE MOLDY CAULK AT JOINT BETWEEN THE BATHTUB AND ALL WALLS OF SHOWER ENCLOSURE   IN THE  BATHROOM  LOCATED AT APT 2A, 2nd STORY, 2nd APARTMENT FROM NORTH AT EAST","B","02/19/2026","02/19/2026","501","N","40.699583","-73.951735","303","36","3325581","3017190001","255","BK0301"
"18662256","972853","1","MANHATTAN","3150","3140","3150","BROADWAY","10027","GRANT","87","2","1","MANHATTAN","3150","BROADWAY","10027","11E","11","01980","0001","§ 27-2017.3 HMC: TRACE AND REPAIR THE SOURCE AND ABATE THE VISIBLE MOLD CONDITION... GREATER THAN 10 SQUARE FEET AT THE WEST WALL   IN THE  4th ROOM  FROM NORTH AT WEST LOCATED AT APT 11E, 11th STORY, 2nd APARTMENT FROM SOUTH AT WEST","B","02/24/2026","02/24/2026","550","N","40.814239","-73.959336","109","7","1084117","1019800001","211","MN0901"
"18635496","808526","3","BROOKLYN","811","811","817","HICKS STREET","11231","RED HOOK EAST","4","26","3","BROOKLYN","811","HICKS STREET","11231","1C","1","00538","0001","§ 27-2017.3 HMC: TRACE AND REPAIR THE SOURCE AND ABATE THE VISIBLE MOLD CONDITION... GREATER THAN 10 SQ FT AT CEILING   IN THE  KITCHEN  LOCATED AT APT 1C, 1st STORY, 1st APARTMENT FROM SOUTH AT WEST","B","02/11/2026","02/12/2026","550","N","40.675324","-74.005451","306","38","3332230","3005380001","85","BK0601"
"18639299","807814","3","BROOKLYN","198","198","198","BOND STREET","11217","GOWANUS","25","12","3","BROOKLYN","198","BOND STREET","11217","8C","8","00392","0001","§ 27-2017.3 HMC: TRACE AND REPAIR THE SOURCE AND ABATE THE VISIBLE MOLD CONDITION... LESS THAN 10 SQ FT AT CAULKING AROUND BATHTUB   IN THE  BATHROOM  LOCATED AT APT 8C, 8th STORY, 2nd APARTMENT FROM WEST AT NORTH","A","02/12/2026","02/12/2026","550","N","40.683171","-73.987413","306","39","3323300","3003920001","71","BK0601"
